case,col_rem,feat_eng,outliers,normalization,pca,n_estimators,max_depth,random_state,algorithm,mae_cv_fold_0,mae_cv_fold_1,mae_cv_avg,mse_cv_fold_0,mse_cv_fold_1,mse_cv_avg,r2_cv_fold_0,r2_cv_fold_1,r2_cv_avg,mae_best_model_test_mae,mae_best_model_test_mse,mae_best_model_test_r2,mse_best_model_test_mae,mse_best_model_test_mse,mse_best_model_test_r2,r2_best_model_test_mae,r2_best_model_test_mse,r2_best_model_test_r2,importance,mae_cv_fold_2,mse_cv_fold_2,r2_cv_fold_2,mae_cv_fold_3,mae_cv_fold_4,mse_cv_fold_3,mse_cv_fold_4,r2_cv_fold_3,r2_cv_fold_4
FS=na|FE=na|OUT=0|NORM=0|PCA=na|ALGORITHM=xgbregressor|CV=2|N_ESTIMATORS=100|MAX_DEPTH=10|RANDOM_STATE=42,,,False,False,0,100,10,42,XGBRegressor,63128.02712182952,80583.3892601737,71855.70819100161,17081860543.564299,45318070437.70918,31199965490.63674,0.5241366265219343,0.4803831082492477,0.5022598673855909,75584.82730813364,28819832949.19882,0.5648564883063187,75584.82730813364,28819832949.19882,0.5648564883063187,75584.82730813364,28819832949.19882,0.5648564883063187,"_ano                    0.008177
_mes                    0.017222
car_c02_emitido         0.056449
cli_pressao_atm_med     0.015093
cli_temp_ar_med         0.002830
cli_temp_orvalho_med    0.003662
cli_umid_rel_med        0.052402
cli_umid_rel_min_max    0.012113
cli_umid_rel_min_med    0.009976
cli_umid_rel_min_min    0.114775
cli_veloc_vento_max     0.005704
cli_veloc_vento_med     0.004762
que_focos_qtd           0.097156
_estado_AC              0.000004
_estado_AM              0.000018
_estado_AP              0.000000
_estado_PA              0.000000
_estado_RO              0.000012
_estado_RR              0.001536
_estado_TO              0.598109
dtype: float32",,,,,,,,,
FS=na|FE=na|OUT=0|NORM=0|PCA=na|ALGORITHM=xgbregressor|CV=3|N_ESTIMATORS=100|MAX_DEPTH=10|RANDOM_STATE=42,,,False,False,0,100,10,42,XGBRegressor,61184.31153676676,69290.67822892737,72686.81092644593,16686416038.079962,29841265617.767128,35360690492.331764,0.6033776095892303,0.450257071037516,0.46038905477992764,73430.44040616554,31393763584.66235,0.5259933478590496,73430.44040616554,31393763584.66235,0.5259933478590496,73430.44040616554,31393763584.66235,0.5259933478590496,"_ano                    4.254826e-03
_mes                    1.258685e-02
car_c02_emitido         2.990881e-02
cli_pressao_atm_med     2.355364e-03
cli_temp_ar_med         1.258731e-03
cli_temp_orvalho_med    1.446280e-03
cli_umid_rel_med        1.097732e-02
cli_umid_rel_min_max    2.919341e-03
cli_umid_rel_min_med    9.043588e-02
cli_umid_rel_min_min    3.087195e-02
cli_veloc_vento_max     1.457180e-03
cli_veloc_vento_med     1.498015e-03
que_focos_qtd           5.007948e-02
_estado_AC              4.488896e-08
_estado_AM              4.202982e-05
_estado_AP              0.000000e+00
_estado_PA              0.000000e+00
_estado_RO              2.737966e-03
_estado_RR              2.405541e-03
_estado_TO              7.547643e-01
dtype: float32",87585.44301364366,59554389821.14821,0.32753248371303667,,,,,,
FS=na|FE=na|OUT=0|NORM=0|PCA=na|ALGORITHM=xgbregressor|CV=5|N_ESTIMATORS=100|MAX_DEPTH=10|RANDOM_STATE=42,,,False,False,0,100,10,42,XGBRegressor,60385.084658032014,53418.8511139586,66733.55367783946,16334754910.421822,15549816203.056234,30747830222.830883,0.6279168840564087,0.5332910059641983,0.5340662962056968,76262.0332415213,41912395914.09952,0.36717512645873385,76262.0332415213,41912395914.09952,0.36717512645873385,63474.302541404926,21457163015.576286,0.6760236160271982,"_ano                    0.003146
_mes                    0.014688
car_c02_emitido         0.044475
cli_pressao_atm_med     0.003440
cli_temp_ar_med         0.002768
cli_temp_orvalho_med    0.002770
cli_umid_rel_med        0.018837
cli_umid_rel_min_max    0.001657
cli_umid_rel_min_med    0.004797
cli_umid_rel_min_min    0.076585
cli_veloc_vento_max     0.006249
cli_veloc_vento_med     0.001736
que_focos_qtd           0.059785
_estado_AC              0.000002
_estado_AM              0.000059
_estado_AP              0.000000
_estado_PA              0.000000
_estado_RO              0.002394
_estado_RR              0.002083
_estado_TO              0.754530
dtype: float32",59100.88628989294,17620651818.401676,0.6051771085102843,65428.46192645469,95334.48440085906,37089249059.361176,67144679122.913506,0.5185992890608802,0.38534719343671275
FS=na|FE=na|OUT=0|NORM=0|PCA=5|ALGORITHM=xgbregressor|CV=2|N_ESTIMATORS=100|MAX_DEPTH=10|RANDOM_STATE=42,,,False,False,5,100,10,42,XGBRegressor,79009.51362104133,89019.62762636886,84014.5706237051,28299327376.16257,54618125210.72803,41458726293.4453,0.21164246962228384,0.373748701541439,0.29269558558186143,92307.32715526619,49582939223.53829,0.25135949497498333,92307.32715526619,49582939223.53829,0.25135949497498333,77647.2872358642,40430642200.68472,0.3895477583701339,"pc1    0.149974
pc2    0.291844
pc3    0.337794
pc4    0.180336
pc5    0.040052
dtype: float32",,,,,,,,,
FS=na|FE=na|OUT=0|NORM=0|PCA=5|ALGORITHM=xgbregressor|CV=3|N_ESTIMATORS=100|MAX_DEPTH=10|RANDOM_STATE=42,,,False,False,5,100,10,42,XGBRegressor,84991.77252467183,74582.34366851448,87663.71395675035,30091321746.860134,29233229282.988518,42694984630.72651,0.2847540217969692,0.4614584617519162,0.3232646202211256,85980.82041131493,44520244361.789894,0.3277998693747245,85980.82041131493,44520244361.789894,0.3277998693747245,85980.82041131493,44520244361.789894,0.3277998693747245,"pc1    0.127129
pc2    0.347717
pc3    0.356799
pc4    0.075811
pc5    0.092544
dtype: float32",103417.0256770647,68760402862.33087,0.22358137711449144,,,,,,
FS=na|FE=na|OUT=0|NORM=0|PCA=5|ALGORITHM=xgbregressor|CV=5|N_ESTIMATORS=100|MAX_DEPTH=10|RANDOM_STATE=42,,,False,False,5,100,10,42,XGBRegressor,96738.36403223481,62560.89058476125,81567.77011593783,52445163653.83961,16551906251.865425,41870057349.29923,-0.19462826442789338,0.5032144807817911,0.3154749023169341,83032.69955504718,34005091998.46696,0.4865655476295546,83032.69955504718,34005091998.46696,0.4865655476295546,79008.42007665326,30995642903.955845,0.5320044733012366,"pc1    0.179925
pc2    0.379370
pc3    0.347785
pc4    0.068413
pc5    0.024508
dtype: float32",66898.10838342975,20264189475.678955,0.5459438183706895,82428.43118885467,99213.05639040863,46490170043.16984,73598857321.9423,0.39657983167459654,0.3262646451854866
FS=na|FE=na|OUT=0|NORM=0|PCA=10|ALGORITHM=xgbregressor|CV=2|N_ESTIMATORS=100|MAX_DEPTH=10|RANDOM_STATE=42,,,False,False,10,100,10,42,XGBRegressor,86727.17925334211,88080.87737775804,87404.02831555007,38497120901.12194,52121402731.523926,45309261816.32294,-0.07244581317594156,0.4023761157644583,0.16496515129425837,101322.04399554276,56575416654.30895,0.14578181206378038,101322.04399554276,56575416654.30895,0.14578181206378038,78736.56263937184,39018923636.64511,0.41086294692664616,"pc1     0.081048
pc2     0.223140
pc3     0.269342
pc4     0.146091
pc5     0.044736
pc6     0.020245
pc7     0.026227
pc8     0.042100
pc9     0.019720
pc10    0.127351
dtype: float32",,,,,,,,,
FS=na|FE=na|OUT=0|NORM=0|PCA=10|ALGORITHM=xgbregressor|CV=3|N_ESTIMATORS=100|MAX_DEPTH=10|RANDOM_STATE=42,,,False,False,10,100,10,42,XGBRegressor,77986.70759852666,69240.39626791241,81070.55520194113,27652199342.891617,25733112721.895943,39539713325.11695,0.3427299560034959,0.5259384457663847,0.37735688007232066,75220.28922049266,38272074734.37604,0.4221394333174866,75220.28922049266,38272074734.37604,0.4221394333174866,75220.28922049266,38272074734.37604,0.4221394333174866,"pc1     0.081306
pc2     0.254992
pc3     0.290893
pc4     0.048791
pc5     0.073693
pc6     0.013760
pc7     0.045130
pc8     0.028569
pc9     0.037718
pc10    0.125149
dtype: float32",95984.56173938428,65233827910.5633,0.26340223844708144,,,,,,
FS=na|FE=na|OUT=0|NORM=0|PCA=10|ALGORITHM=xgbregressor|CV=5|N_ESTIMATORS=100|MAX_DEPTH=10|RANDOM_STATE=42,,,False,False,10,100,10,42,XGBRegressor,94052.35194902388,56469.92601858346,77525.98615402177,53817330942.12147,12497030743.608278,39464288061.223915,-0.22588433671178398,0.6249166825754786,0.3632182928386645,88744.29494842411,49895892286.30434,0.24663429427838812,88744.29494842411,49895892286.30434,0.24663429427838812,88744.29494842411,49895892286.30434,0.24663429427838812,"pc1     0.122420
pc2     0.298518
pc3     0.237725
pc4     0.082390
pc5     0.034629
pc6     0.031401
pc7     0.026770
pc8     0.056143
pc9     0.048275
pc10    0.061727
dtype: float32",61554.946593554036,18457304517.546005,0.5864303764794142,72208.45066055327,103344.2555483942,36355514754.79272,76194259348.05109,0.5281228093482375,0.3025059325019762
FS=na|FE=na|OUT=0|NORM=1|PCA=na|ALGORITHM=xgbregressor|CV=2|N_ESTIMATORS=100|MAX_DEPTH=10|RANDOM_STATE=42,,,False,True,0,100,10,42,XGBRegressor,63128.02712182952,80583.3892601737,71855.70819100161,17081860543.564299,45318070437.70918,31199965490.63674,0.5241366265219343,0.4803831082492477,0.5022598673855909,75584.82730813364,28819832949.19882,0.5648564883063187,75584.82730813364,28819832949.19882,0.5648564883063187,75584.82730813364,28819832949.19882,0.5648564883063187,"_ano                    0.008177
_mes                    0.017222
car_c02_emitido         0.056449
cli_pressao_atm_med     0.015093
cli_temp_ar_med         0.002830
cli_temp_orvalho_med    0.003662
cli_umid_rel_med        0.052402
cli_umid_rel_min_max    0.012113
cli_umid_rel_min_med    0.009976
cli_umid_rel_min_min    0.114775
cli_veloc_vento_max     0.005704
cli_veloc_vento_med     0.004762
que_focos_qtd           0.097156
_estado_AC              0.000004
_estado_AM              0.000018
_estado_AP              0.000000
_estado_PA              0.000000
_estado_RO              0.000012
_estado_RR              0.001536
_estado_TO              0.598109
dtype: float32",,,,,,,,,
FS=na|FE=na|OUT=0|NORM=1|PCA=na|ALGORITHM=xgbregressor|CV=3|N_ESTIMATORS=100|MAX_DEPTH=10|RANDOM_STATE=42,,,False,True,0,100,10,42,XGBRegressor,61184.31153676676,69290.67822892737,72686.81092644593,16686416038.079962,29841265617.767128,35360690492.331764,0.6033776095892303,0.450257071037516,0.46038905477992764,73430.44040616554,31393763584.66235,0.5259933478590496,73430.44040616554,31393763584.66235,0.5259933478590496,73430.44040616554,31393763584.66235,0.5259933478590496,"_ano                    4.254826e-03
_mes                    1.258685e-02
car_c02_emitido         2.990881e-02
cli_pressao_atm_med     2.355364e-03
cli_temp_ar_med         1.258731e-03
cli_temp_orvalho_med    1.446280e-03
cli_umid_rel_med        1.097732e-02
cli_umid_rel_min_max    2.919341e-03
cli_umid_rel_min_med    9.043588e-02
cli_umid_rel_min_min    3.087195e-02
cli_veloc_vento_max     1.457180e-03
cli_veloc_vento_med     1.498015e-03
que_focos_qtd           5.007948e-02
_estado_AC              4.488896e-08
_estado_AM              4.202982e-05
_estado_AP              0.000000e+00
_estado_PA              0.000000e+00
_estado_RO              2.737966e-03
_estado_RR              2.405541e-03
_estado_TO              7.547643e-01
dtype: float32",87585.44301364366,59554389821.14821,0.32753248371303667,,,,,,
FS=na|FE=na|OUT=0|NORM=1|PCA=na|ALGORITHM=xgbregressor|CV=5|N_ESTIMATORS=100|MAX_DEPTH=10|RANDOM_STATE=42,,,False,True,0,100,10,42,XGBRegressor,60385.084658032014,53418.8511139586,66733.55367783946,16334754910.421822,15549816203.056234,30747830222.830883,0.6279168840564087,0.5332910059641983,0.5340662962056968,76262.0332415213,41912395914.09952,0.36717512645873385,76262.0332415213,41912395914.09952,0.36717512645873385,63474.302541404926,21457163015.576286,0.6760236160271982,"_ano                    0.003146
_mes                    0.014688
car_c02_emitido         0.044475
cli_pressao_atm_med     0.003440
cli_temp_ar_med         0.002768
cli_temp_orvalho_med    0.002770
cli_umid_rel_med        0.018837
cli_umid_rel_min_max    0.001657
cli_umid_rel_min_med    0.004797
cli_umid_rel_min_min    0.076585
cli_veloc_vento_max     0.006249
cli_veloc_vento_med     0.001736
que_focos_qtd           0.059785
_estado_AC              0.000002
_estado_AM              0.000059
_estado_AP              0.000000
_estado_PA              0.000000
_estado_RO              0.002394
_estado_RR              0.002083
_estado_TO              0.754530
dtype: float32",59100.88628989294,17620651818.401676,0.6051771085102843,65428.46192645469,95334.48440085906,37089249059.361176,67144679122.913506,0.5185992890608802,0.38534719343671275
FS=na|FE=na|OUT=0|NORM=1|PCA=5|ALGORITHM=xgbregressor|CV=2|N_ESTIMATORS=100|MAX_DEPTH=10|RANDOM_STATE=42,,,False,True,5,100,10,42,XGBRegressor,68056.18361641481,77592.55693939539,72824.37027790511,20436257338.057327,45042234380.278755,32739245859.16804,0.43069044889154395,0.48354584385141297,0.45711814637147846,81844.051181991,31674443317.451107,0.5217554341694652,81844.051181991,31674443317.451107,0.5217554341694652,79712.52057388637,37403937517.7908,0.43524722189220766,"pc1    0.389139
pc2    0.203947
pc3    0.316904
pc4    0.055255
pc5    0.034755
dtype: float32",,,,,,,,,
FS=na|FE=na|OUT=0|NORM=1|PCA=5|ALGORITHM=xgbregressor|CV=3|N_ESTIMATORS=100|MAX_DEPTH=10|RANDOM_STATE=42,,,False,True,5,100,10,42,XGBRegressor,74812.99683502188,65657.33503317268,74950.32102842238,23266308541.054836,24962422758.99194,32775175227.12857,0.44697897448267765,0.5401362805015367,0.47381320883061434,75438.469421681,25183172313.719463,0.6197655255151779,72740.28616416144,26183707002.98968,0.6046587003289309,75438.469421681,25183172313.719463,0.6197655255151779,"pc1    0.311291
pc2    0.160757
pc3    0.257889
pc4    0.072558
pc5    0.197505
dtype: float32",84380.63121707257,50096794381.33894,0.4343243715076286,,,,,,
FS=na|FE=na|OUT=0|NORM=1|PCA=5|ALGORITHM=xgbregressor|CV=5|N_ESTIMATORS=100|MAX_DEPTH=10|RANDOM_STATE=42,,,False,True,5,100,10,42,XGBRegressor,62573.218956436765,70293.55254903062,76719.51163433088,20243947944.396774,25953421054.259007,35939534054.050674,0.5388708755375811,0.2210393438836833,0.40365302782205675,72779.51519949106,27061391105.11616,0.5914067656966155,72779.51519949106,27061391105.11616,0.5914067656966155,66668.44020061765,19882518605.552673,0.6997987815340317,"pc1    0.320727
pc2    0.175928
pc3    0.222048
pc4    0.082747
pc5    0.198550
dtype: float32",79107.7267762407,30644703380.70251,0.31334944233004414,65541.01904878138,106082.04084116494,29654263355.09095,73201334535.80411,0.6151018469349794,0.3299036304239956
FS=na|FE=na|OUT=0|NORM=1|PCA=10|ALGORITHM=xgbregressor|CV=2|N_ESTIMATORS=100|MAX_DEPTH=10|RANDOM_STATE=42,,,False,True,10,100,10,42,XGBRegressor,68908.76224143768,78771.0194447147,73839.8908430762,21785673859.189545,47497400221.37447,34641537040.28201,0.39309864814271156,0.4553949179456791,0.42424678304419533,74973.51713270927,32981698642.906326,0.5020175101502122,74973.51713270927,32981698642.906326,0.5020175101502122,72608.70755164523,33248982085.87254,0.49798186371898867,"pc1     0.181869
pc2     0.045015
pc3     0.159286
pc4     0.031748
pc5     0.019650
pc6     0.246851
pc7     0.234580
pc8     0.026372
pc9     0.051494
pc10    0.003133
dtype: float32",,,,,,,,,
FS=na|FE=na|OUT=0|NORM=1|PCA=10|ALGORITHM=xgbregressor|CV=3|N_ESTIMATORS=100|MAX_DEPTH=10|RANDOM_STATE=42,,,False,True,10,100,10,42,XGBRegressor,68000.5900567101,71286.9262974285,74193.63293834716,21596156322.36114,27339062641.27396,34730633873.624535,0.4866771195976286,0.4963532524386495,0.45303035819710824,71080.36361613555,25774116054.94511,0.6108430124935513,71080.36361613555,25774116054.94511,0.6108430124935513,72326.62776340793,29553375034.713867,0.5537809182421627,"pc1     0.155846
pc2     0.024872
pc3     0.226962
pc4     0.023629
pc5     0.127899
pc6     0.043090
pc7     0.341177
pc8     0.022511
pc9     0.026380
pc10    0.007635
dtype: float32",83293.38246090288,55256682657.2385,0.37606070255504664,,,,,,
FS=na|FE=na|OUT=0|NORM=1|PCA=10|ALGORITHM=xgbregressor|CV=5|N_ESTIMATORS=100|MAX_DEPTH=10|RANDOM_STATE=42,,,False,True,10,100,10,42,XGBRegressor,66779.20385002367,65898.43005452276,74421.38200016513,29532560448.67819,26467412300.34883,37313093862.89099,0.3272891344989953,0.20561251605026853,0.3627232471870297,74372.19945041923,30908017683.80808,0.5333275047731831,74372.19945041923,30908017683.80808,0.5333275047731831,62895.379519728776,20707329458.840866,0.6873451669757675,"pc1     0.138541
pc2     0.021416
pc3     0.151423
pc4     0.079687
pc5     0.112521
pc6     0.026075
pc7     0.345003
pc8     0.016990
pc9     0.084194
pc10    0.024150
dtype: float32",73473.89187351067,27906668171.677975,0.37470012273442965,78870.73985290248,87084.64436986604,40317888052.74821,62340940341.00173,0.4766930993643814,0.4293213632870736
FS=na|FE=na|OUT=1|NORM=0|PCA=na|ALGORITHM=xgbregressor|CV=2|N_ESTIMATORS=100|MAX_DEPTH=10|RANDOM_STATE=42,,,True,False,0,100,10,42,XGBRegressor,25924.26308520662,23598.449283275713,24761.356184241165,1724240965.8115914,1589298635.6201267,1656769800.715859,0.08635836490780846,0.13792776109369154,0.11214306300075,27841.185115257467,2354554466.8456354,0.10165333035644442,27841.185115257467,2354554466.8456354,0.10165333035644442,27841.185115257467,2354554466.8456354,0.10165333035644442,"_ano                    0.009642
_mes                    0.041034
car_c02_emitido         0.068287
cli_pressao_atm_med     0.053211
cli_temp_ar_med         0.039353
cli_temp_orvalho_med    0.045026
cli_umid_rel_med        0.153039
cli_umid_rel_min_max    0.047955
cli_umid_rel_min_med    0.078319
cli_umid_rel_min_min    0.079527
cli_veloc_vento_max     0.012670
cli_veloc_vento_med     0.058906
que_focos_qtd           0.313032
_estado_AC              0.000000
_estado_AM              0.000000
_estado_AP              0.000000
_estado_PA              0.000000
_estado_RO              0.000000
_estado_RR              0.000000
_estado_TO              0.000000
dtype: float32",,,,,,,,,
FS=na|FE=na|OUT=1|NORM=0|PCA=na|ALGORITHM=xgbregressor|CV=3|N_ESTIMATORS=100|MAX_DEPTH=10|RANDOM_STATE=42,,,True,False,0,100,10,42,XGBRegressor,24093.699408050292,22643.95560932186,23782.967928169823,1468556777.4382637,1544555156.7615268,1538982487.030161,0.22817643942181787,0.11765336930952874,0.17231439138267787,28478.01154895271,2248915294.9101024,0.14195844948980052,24751.839955578627,2027780775.8460717,0.22632917080530157,24751.839955578627,2027780775.8460717,0.22632917080530157,"_ano                    0.017317
_mes                    0.063453
car_c02_emitido         0.096088
cli_pressao_atm_med     0.043862
cli_temp_ar_med         0.025120
cli_temp_orvalho_med    0.033196
cli_umid_rel_med        0.041180
cli_umid_rel_min_max    0.111016
cli_umid_rel_min_med    0.194738
cli_umid_rel_min_min    0.035207
cli_veloc_vento_max     0.066477
cli_veloc_vento_med     0.036792
que_focos_qtd           0.235553
_estado_AC              0.000000
_estado_AM              0.000000
_estado_AP              0.000000
_estado_PA              0.000000
_estado_RO              0.000000
_estado_RR              0.000000
_estado_TO              0.000000
dtype: float32",24611.248767137324,1603835526.8906925,0.17111336541668698,,,,,,
FS=na|FE=na|OUT=1|NORM=0|PCA=na|ALGORITHM=xgbregressor|CV=5|N_ESTIMATORS=100|MAX_DEPTH=10|RANDOM_STATE=42,,,True,False,0,100,10,42,XGBRegressor,23451.565200941546,23969.817467135294,23087.534733973946,1518373609.6918423,1437225148.3632803,1419069992.2981954,0.34900301489476526,0.12905136105369974,0.2289403513810493,27019.61975274024,2289637490.699025,0.12642147657935388,27019.61975274024,2289637490.699025,0.12642147657935388,25085.561302848968,1952609335.9871461,0.2550097613800636,"_ano                    0.022666
_mes                    0.041184
car_c02_emitido         0.065341
cli_pressao_atm_med     0.072701
cli_temp_ar_med         0.031467
cli_temp_orvalho_med    0.049869
cli_umid_rel_med        0.052529
cli_umid_rel_min_max    0.070521
cli_umid_rel_min_med    0.160566
cli_umid_rel_min_min    0.046744
cli_veloc_vento_max     0.056127
cli_veloc_vento_med     0.046970
que_focos_qtd           0.283316
_estado_AC              0.000000
_estado_AM              0.000000
_estado_AP              0.000000
_estado_PA              0.000000
_estado_RO              0.000000
_estado_RR              0.000000
_estado_TO              0.000000
dtype: float32",21130.01613589404,1132872799.9386656,0.2709601813930326,19610.75013805977,27275.524727839093,1105838207.7552469,1901040195.7419417,0.23706838120808504,0.15861881835566372
FS=na|FE=na|OUT=1|NORM=0|PCA=5|ALGORITHM=xgbregressor|CV=2|N_ESTIMATORS=100|MAX_DEPTH=10|RANDOM_STATE=42,,,True,False,5,100,10,42,XGBRegressor,26942.651757926866,29418.024147691434,28180.33795280915,1698974866.2985463,2126365335.648539,1912670100.9735427,0.09974637791133611,-0.15338960504427313,-0.026821613566468505,29013.10185406431,2430448751.3105345,0.07269694873348631,29013.10185406431,2430448751.3105345,0.07269694873348631,29013.10185406431,2430448751.3105345,0.07269694873348631,"pc1    0.125403
pc2    0.291286
pc3    0.233444
pc4    0.188859
pc5    0.161008
dtype: float32",,,,,,,,,
FS=na|FE=na|OUT=1|NORM=0|PCA=5|ALGORITHM=xgbregressor|CV=3|N_ESTIMATORS=100|MAX_DEPTH=10|RANDOM_STATE=42,,,True,False,5,100,10,42,XGBRegressor,28040.837396845443,26432.910952745,26654.763138157472,1798119283.4168043,1887884672.3320677,1832282113.3095214,0.05496958034406674,-0.07847795041324801,0.01354023259006291,27671.42060831506,2361001831.7103305,0.09919343026250649,28887.933390671806,2349101114.044015,0.10373397932707118,27671.42060831506,2361001831.7103305,0.09919343026250649,"pc1    0.140289
pc2    0.388504
pc3    0.207027
pc4    0.162086
pc5    0.102095
dtype: float32",25490.54106488197,1810842384.1796918,0.06412906783937,,,,,,
FS=na|FE=na|OUT=1|NORM=0|PCA=5|ALGORITHM=xgbregressor|CV=5|N_ESTIMATORS=100|MAX_DEPTH=10|RANDOM_STATE=42,,,True,False,5,100,10,42,XGBRegressor,31481.637673104906,24490.65875422891,26780.532772693878,2318016280.9553623,1548144604.6119795,1880802914.3624482,0.006159221488939659,0.061834926967166526,-0.0163406486907798,29092.525859775706,2506986872.2191386,0.043494920499612455,29092.525859775706,2506986872.2191386,0.043494920499612455,27887.92875714823,2369255716.9300146,0.09604427809672245,"pc1    0.142502
pc2    0.301314
pc3    0.259488
pc4    0.133539
pc5    0.163157
dtype: float32",25617.329128414778,1703112904.979991,-0.09600753357395542,22073.725478661992,30239.312829058792,1441325252.4785395,2393415528.7863684,0.0056116705252263754,-0.059301528861276154
FS=na|FE=na|OUT=1|NORM=0|PCA=10|ALGORITHM=xgbregressor|CV=2|N_ESTIMATORS=100|MAX_DEPTH=10|RANDOM_STATE=42,,,True,False,10,100,10,42,XGBRegressor,25339.216240387555,26755.26434254097,26047.240291464263,1596066701.0839503,1850631420.239914,1723349060.661932,0.15427540615927904,-0.0038251692162845075,0.07522511847149727,30212.48860570214,2489222487.7412195,0.050272667992277364,30212.48860570214,2489222487.7412195,0.050272667992277364,30212.48860570214,2489222487.7412195,0.050272667992277364,"pc1     0.065874
pc2     0.180071
pc3     0.147761
pc4     0.070161
pc5     0.043657
pc6     0.069297
pc7     0.189991
pc8     0.127514
pc9     0.051943
pc10    0.053729
dtype: float32",,,,,,,,,
FS=na|FE=na|OUT=1|NORM=0|PCA=10|ALGORITHM=xgbregressor|CV=3|N_ESTIMATORS=100|MAX_DEPTH=10|RANDOM_STATE=42,,,True,False,10,100,10,42,XGBRegressor,27287.192894219494,23487.91042167288,25143.498401500776,1822764787.0181074,1543152401.1334224,1703386125.1704025,0.04201674077120254,0.11845471116949524,0.08634034431991222,26930.13658828857,2244510508.01689,0.1436390330956272,26930.13658828857,2244510508.01689,0.1436390330956272,26930.13658828857,2244510508.01689,0.1436390330956272,"pc1     0.060327
pc2     0.202181
pc3     0.076746
pc4     0.161145
pc5     0.100397
pc6     0.041087
pc7     0.172692
pc8     0.069788
pc9     0.032864
pc10    0.082773
dtype: float32",24655.391888609953,1744241187.3596778,0.09854958101903888,,,,,,
FS=na|FE=na|OUT=1|NORM=0|PCA=10|ALGORITHM=xgbregressor|CV=5|N_ESTIMATORS=100|MAX_DEPTH=10|RANDOM_STATE=42,,,True,False,10,100,10,42,XGBRegressor,25024.942992513883,25941.026447889144,24780.424909478512,1692812246.4834225,1509991769.1399677,1667120601.3660176,0.2742131042217044,0.08495528508512218,0.09846353205489056,26189.820319754635,2255386166.899103,0.1394895805879074,26189.820319754635,2255386166.899103,0.1394895805879074,27345.768923813997,2152405771.165674,0.1787802815881857,"pc1     0.053295
pc2     0.190926
pc3     0.126829
pc4     0.049616
pc5     0.079856
pc6     0.076931
pc7     0.170152
pc8     0.096552
pc9     0.092278
pc10    0.063566
dtype: float32",22124.52123628428,1358140136.2131684,0.1259934578698536,20219.35611681262,30592.27775389265,1302825918.7981849,2471832936.195345,0.10116409411243998,-0.0940082810146674
FS=na|FE=na|OUT=1|NORM=1|PCA=na|ALGORITHM=xgbregressor|CV=2|N_ESTIMATORS=100|MAX_DEPTH=10|RANDOM_STATE=42,,,True,True,0,100,10,42,XGBRegressor,25924.26308520662,23598.449283275713,24761.356184241165,1724240965.8115914,1589298635.6201267,1656769800.715859,0.08635836490780846,0.13792776109369154,0.11214306300075,27841.185115257467,2354554466.8456354,0.10165333035644442,27841.185115257467,2354554466.8456354,0.10165333035644442,27841.185115257467,2354554466.8456354,0.10165333035644442,"_ano                    0.009642
_mes                    0.041034
car_c02_emitido         0.068287
cli_pressao_atm_med     0.053211
cli_temp_ar_med         0.039353
cli_temp_orvalho_med    0.045026
cli_umid_rel_med        0.153039
cli_umid_rel_min_max    0.047955
cli_umid_rel_min_med    0.078319
cli_umid_rel_min_min    0.079527
cli_veloc_vento_max     0.012670
cli_veloc_vento_med     0.058906
que_focos_qtd           0.313032
_estado_AC              0.000000
_estado_AM              0.000000
_estado_AP              0.000000
_estado_PA              0.000000
_estado_RO              0.000000
_estado_RR              0.000000
_estado_TO              0.000000
dtype: float32",,,,,,,,,
FS=na|FE=na|OUT=1|NORM=1|PCA=na|ALGORITHM=xgbregressor|CV=3|N_ESTIMATORS=100|MAX_DEPTH=10|RANDOM_STATE=42,,,True,True,0,100,10,42,XGBRegressor,24093.699408050292,22643.95560932186,23782.967928169823,1468556777.4382637,1544555156.7615268,1538982487.030161,0.22817643942181787,0.11765336930952874,0.17231439138267787,28478.01154895271,2248915294.9101024,0.14195844948980052,24751.839955578627,2027780775.8460717,0.22632917080530157,24751.839955578627,2027780775.8460717,0.22632917080530157,"_ano                    0.017317
_mes                    0.063453
car_c02_emitido         0.096088
cli_pressao_atm_med     0.043862
cli_temp_ar_med         0.025120
cli_temp_orvalho_med    0.033196
cli_umid_rel_med        0.041180
cli_umid_rel_min_max    0.111016
cli_umid_rel_min_med    0.194738
cli_umid_rel_min_min    0.035207
cli_veloc_vento_max     0.066477
cli_veloc_vento_med     0.036792
que_focos_qtd           0.235553
_estado_AC              0.000000
_estado_AM              0.000000
_estado_AP              0.000000
_estado_PA              0.000000
_estado_RO              0.000000
_estado_RR              0.000000
_estado_TO              0.000000
dtype: float32",24611.248767137324,1603835526.8906925,0.17111336541668698,,,,,,
FS=na|FE=na|OUT=1|NORM=1|PCA=na|ALGORITHM=xgbregressor|CV=5|N_ESTIMATORS=100|MAX_DEPTH=10|RANDOM_STATE=42,,,True,True,0,100,10,42,XGBRegressor,23451.565200941546,23969.817467135294,23087.534733973946,1518373609.6918423,1437225148.3632803,1419069992.2981954,0.34900301489476526,0.12905136105369974,0.2289403513810493,27019.61975274024,2289637490.699025,0.12642147657935388,27019.61975274024,2289637490.699025,0.12642147657935388,25085.561302848968,1952609335.9871461,0.2550097613800636,"_ano                    0.022666
_mes                    0.041184
car_c02_emitido         0.065341
cli_pressao_atm_med     0.072701
cli_temp_ar_med         0.031467
cli_temp_orvalho_med    0.049869
cli_umid_rel_med        0.052529
cli_umid_rel_min_max    0.070521
cli_umid_rel_min_med    0.160566
cli_umid_rel_min_min    0.046744
cli_veloc_vento_max     0.056127
cli_veloc_vento_med     0.046970
que_focos_qtd           0.283316
_estado_AC              0.000000
_estado_AM              0.000000
_estado_AP              0.000000
_estado_PA              0.000000
_estado_RO              0.000000
_estado_RR              0.000000
_estado_TO              0.000000
dtype: float32",21130.01613589404,1132872799.9386656,0.2709601813930326,19610.75013805977,27275.524727839093,1105838207.7552469,1901040195.7419417,0.23706838120808504,0.15861881835566372
FS=na|FE=na|OUT=1|NORM=1|PCA=5|ALGORITHM=xgbregressor|CV=2|N_ESTIMATORS=100|MAX_DEPTH=10|RANDOM_STATE=42,,,True,True,5,100,10,42,XGBRegressor,26008.107496587087,25894.127781195035,25951.11763889106,1708932055.1198077,1690447437.797547,1699689746.4586773,0.0944702578933333,0.08306231768270134,0.08876628778801732,29498.00191520152,2357587335.1721687,0.10049618270962923,29498.00191520152,2357587335.1721687,0.10049618270962923,30734.31590638421,2697722062.3397803,-0.029277370497019062,"pc1    0.215790
pc2    0.201856
pc3    0.340861
pc4    0.082428
pc5    0.159065
dtype: float32",,,,,,,,,
FS=na|FE=na|OUT=1|NORM=1|PCA=5|ALGORITHM=xgbregressor|CV=3|N_ESTIMATORS=100|MAX_DEPTH=10|RANDOM_STATE=42,,,True,True,5,100,10,42,XGBRegressor,26463.075392491497,26645.402213098405,26503.243768316886,1665053587.0173676,1865360742.9122722,1807191393.9267013,0.12490439060382608,-0.0656108714057646,0.027304432038656956,28622.22550074021,2320674643.9680643,0.11457969348745067,28891.205819918374,2561642048.4299946,0.02264201765995888,28891.205819918374,2561642048.4299946,0.02264201765995888,"pc1    0.183406
pc2    0.158775
pc3    0.261863
pc4    0.121006
pc5    0.274949
dtype: float32",26401.25369936076,1891159851.8504634,0.022619776917909395,,,,,,
FS=na|FE=na|OUT=1|NORM=1|PCA=5|ALGORITHM=xgbregressor|CV=5|N_ESTIMATORS=100|MAX_DEPTH=10|RANDOM_STATE=42,,,True,True,5,100,10,42,XGBRegressor,28340.351650714565,22594.018102691964,24764.342869688608,1808103756.7985868,1361916574.0491362,1589888914.8889694,0.22478230198414884,0.17468784353146904,0.13636083369424054,29226.98696654239,2460170107.9813385,0.061357189064101925,29226.98696654239,2460170107.9813385,0.061357189064101925,30513.836338042416,2550234833.605621,0.026994277754886054,"pc1    0.193570
pc2    0.165531
pc3    0.277356
pc4    0.143326
pc5    0.220217
dtype: float32",23259.25756881053,1373768233.4919374,0.11593627827660824,21600.989838574063,28027.097187651914,1319302369.6946168,2086353640.4105706,0.08979678444073214,0.07660096023824448
FS=na|FE=na|OUT=1|NORM=1|PCA=10|ALGORITHM=xgbregressor|CV=2|N_ESTIMATORS=100|MAX_DEPTH=10|RANDOM_STATE=42,,,True,True,10,100,10,42,XGBRegressor,25106.70295736482,27853.093765676167,26479.898361520492,1648023973.3628187,1983014597.808171,1815519285.585495,0.12674426164929375,-0.07563285829497612,0.025555701677158815,28017.28471083601,2274552959.7695007,0.13217676417812751,28017.28471083601,2274552959.7695007,0.13217676417812751,28017.28471083601,2274552959.7695007,0.13217676417812751,"pc1     0.116140
pc2     0.055358
pc3     0.132787
pc4     0.037211
pc5     0.055039
pc6     0.068286
pc7     0.074439
pc8     0.190656
pc9     0.102373
pc10    0.167711
dtype: float32",,,,,,,,,
FS=na|FE=na|OUT=1|NORM=1|PCA=10|ALGORITHM=xgbregressor|CV=3|N_ESTIMATORS=100|MAX_DEPTH=10|RANDOM_STATE=42,,,True,True,10,100,10,42,XGBRegressor,24488.09055605462,27000.75268156436,25613.78315788385,1465892111.1022332,1876615418.5879946,1683318670.2622726,0.2295768975388105,-0.07204024695672184,0.09170042091045827,28138.132233245928,2418358162.303768,0.077309940499529,28138.132233245928,2418358162.303768,0.077309940499529,28138.132233245928,2418358162.303768,0.077309940499529,"pc1     0.091444
pc2     0.061949
pc3     0.172775
pc4     0.029922
pc5     0.147723
pc6     0.061397
pc7     0.066730
pc8     0.125573
pc9     0.098021
pc10    0.144465
dtype: float32",25352.50623603256,1707448481.0965903,0.11756461214928615,,,,,,
FS=na|FE=na|OUT=1|NORM=1|PCA=10|ALGORITHM=xgbregressor|CV=5|N_ESTIMATORS=100|MAX_DEPTH=10|RANDOM_STATE=42,,,True,True,10,100,10,42,XGBRegressor,26490.314447263565,23215.8376452878,24800.294554851498,1880044639.938845,1387823642.3333697,1641155499.3138747,0.19393791840742092,0.1589883368209597,0.1094936093307298,30318.874924365486,2666214261.608203,-0.017256018579462795,30318.874924365486,2666214261.608203,-0.017256018579462795,27386.982485833734,2255509737.7669325,0.1394424338859973,"pc1     0.117773
pc2     0.056882
pc3     0.171568
pc4     0.061516
pc5     0.106395
pc6     0.130082
pc7     0.094196
pc8     0.098970
pc9     0.071144
pc10    0.091475
dtype: float32",24357.09617978477,1489817121.2895103,0.04125511361799583,21569.51876182691,28368.70574009445,1296373958.8372598,2151718134.1703887,0.10561538203398979,0.047671295773282774
FS=stateless|FE=na|OUT=0|NORM=0|PCA=na|ALGORITHM=xgbregressor|CV=2|N_ESTIMATORS=100|MAX_DEPTH=10|RANDOM_STATE=42,"['_estado_AC', '_estado_AM', '_estado_AP', '_estado_PA', '_estado_RO', '_estado_RR', '_estado_TO']",,False,False,0,100,10,42,XGBRegressor,65806.17708895687,80397.7118999296,73101.94449444325,17678767255.259323,45249613170.18847,31464190212.723896,0.5075081075878003,0.48116803912170736,0.4943380733547538,82626.68161841926,32808578953.030426,0.5046314014218484,82626.68161841926,32808578953.030426,0.5046314014218484,82626.68161841926,32808578953.030426,0.5046314014218484,"_ano                    0.017558
_mes                    0.039079
car_c02_emitido         0.127872
cli_pressao_atm_med     0.066081
cli_temp_ar_med         0.007148
cli_temp_orvalho_med    0.008528
cli_umid_rel_med        0.127726
cli_umid_rel_min_max    0.026905
cli_umid_rel_min_med    0.022512
cli_umid_rel_min_min    0.301918
cli_veloc_vento_max     0.012827
cli_veloc_vento_med     0.011500
que_focos_qtd           0.230345
dtype: float32",,,,,,,,,
FS=stateless|FE=na|OUT=0|NORM=0|PCA=na|ALGORITHM=xgbregressor|CV=3|N_ESTIMATORS=100|MAX_DEPTH=10|RANDOM_STATE=42,"['_estado_AC', '_estado_AM', '_estado_AP', '_estado_PA', '_estado_RO', '_estado_RR', '_estado_TO']",,False,False,0,100,10,42,XGBRegressor,64529.058110115184,66799.88242518128,73547.0301342343,17851986943.561844,27459124046.784184,35126667242.59403,0.5756729474454556,0.49414145252486674,0.46384577258883786,73952.75522999147,31356821004.699562,0.5265511347138301,73952.75522999147,31356821004.699562,0.5265511347138301,73952.75522999147,31356821004.699562,0.5265511347138301,"_ano                    0.017076
_mes                    0.050718
car_c02_emitido         0.117445
cli_pressao_atm_med     0.065414
cli_temp_ar_med         0.004819
cli_temp_orvalho_med    0.006806
cli_umid_rel_med        0.046849
cli_umid_rel_min_max    0.029594
cli_umid_rel_min_med    0.331155
cli_umid_rel_min_min    0.153120
cli_veloc_vento_max     0.005676
cli_veloc_vento_med     0.005855
que_focos_qtd           0.165474
dtype: float32",89312.14986740648,60068890737.43607,0.32172291779619133,,,,,,
FS=stateless|FE=na|OUT=0|NORM=0|PCA=na|ALGORITHM=xgbregressor|CV=5|N_ESTIMATORS=100|MAX_DEPTH=10|RANDOM_STATE=42,"['_estado_AC', '_estado_AM', '_estado_AP', '_estado_PA', '_estado_RO', '_estado_RR', '_estado_TO']",,False,False,0,100,10,42,XGBRegressor,65530.823417811276,52974.93623918957,67489.38738182157,18729957813.82775,15494205945.001823,30552172960.42965,0.5733574759413956,0.5349600808430091,0.5381476697497151,81095.03020727394,44920135824.053925,0.32176200734087357,77925.85501611696,45679470672.338264,0.3102969987470947,77925.85501611696,45679470672.338264,0.3102969987470947,"_ano                    0.004735
_mes                    0.098517
car_c02_emitido         0.101288
cli_pressao_atm_med     0.044566
cli_temp_ar_med         0.012999
cli_temp_orvalho_med    0.088444
cli_umid_rel_med        0.045356
cli_umid_rel_min_max    0.023085
cli_umid_rel_min_med    0.003992
cli_umid_rel_min_min    0.376676
cli_veloc_vento_max     0.018815
cli_veloc_vento_med     0.026076
que_focos_qtd           0.155452
dtype: float32",55147.73597846426,14108037725.635075,0.6838836437217287,67598.31631056688,96195.12496307588,38037314709.3158,66391348608.36781,0.5062938504370178,0.39224329780542444
FS=stateless|FE=na|OUT=0|NORM=0|PCA=5|ALGORITHM=xgbregressor|CV=2|N_ESTIMATORS=100|MAX_DEPTH=10|RANDOM_STATE=42,"['_estado_AC', '_estado_AM', '_estado_AP', '_estado_PA', '_estado_RO', '_estado_RR', '_estado_TO']",,False,False,5,100,10,42,XGBRegressor,78821.13417838898,88837.84401801921,83829.4890982041,30497071834.59073,53175170571.59763,41836121203.09418,0.15041810302807412,0.390293616125851,0.27035585957696256,88442.59730047437,39494317126.715904,0.403685098496006,88442.59730047437,39494317126.715904,0.403685098496006,78493.2040707342,39910840285.16228,0.39739611860540125,"pc1    0.146525
pc2    0.292489
pc3    0.344186
pc4    0.182052
pc5    0.034749
dtype: float32",,,,,,,,,
FS=stateless|FE=na|OUT=0|NORM=0|PCA=5|ALGORITHM=xgbregressor|CV=3|N_ESTIMATORS=100|MAX_DEPTH=10|RANDOM_STATE=42,"['_estado_AC', '_estado_AM', '_estado_AP', '_estado_PA', '_estado_RO', '_estado_RR', '_estado_TO']",,False,False,5,100,10,42,XGBRegressor,80006.98478595256,74402.5799429402,86566.0291614586,26520358644.071873,29542522980.440025,42165687403.819016,0.36963287886635754,0.4557605793187599,0.3433583725675002,85476.0318437372,43865369460.61951,0.3376876631283401,77917.64928840478,28011892474.48813,0.5770553812015271,85476.0318437372,43865369460.61951,0.3376876631283401,"pc1    0.129832
pc2    0.338016
pc3    0.351800
pc4    0.092271
pc5    0.088080
dtype: float32",105288.52275548305,70434180586.94514,0.20468165951738304,,,,,,
FS=stateless|FE=na|OUT=0|NORM=0|PCA=5|ALGORITHM=xgbregressor|CV=5|N_ESTIMATORS=100|MAX_DEPTH=10|RANDOM_STATE=42,"['_estado_AC', '_estado_AM', '_estado_AP', '_estado_PA', '_estado_RO', '_estado_RR', '_estado_TO']",,False,False,5,100,10,42,XGBRegressor,95440.34359567495,59880.251893110755,80878.34540184704,57918994897.295685,14243178494.720497,42717682367.652176,-0.31931456651100953,0.5725081621326912,0.30344480114769895,80745.47939676161,32363660751.479816,0.5113491110276063,80745.47939676161,32363660751.479816,0.5113491110276063,80745.47939676161,32363660751.479816,0.5113491110276063,"pc1    0.172631
pc2    0.381378
pc3    0.294458
pc4    0.109091
pc5    0.042442
dtype: float32",67295.76933614958,20414266179.405617,0.5425810756798246,79475.80954404219,102299.55264025778,44646258286.416405,76365713980.42265,0.42051292423167175,0.3009364102053166
FS=stateless|FE=na|OUT=0|NORM=0|PCA=10|ALGORITHM=xgbregressor|CV=2|N_ESTIMATORS=100|MAX_DEPTH=10|RANDOM_STATE=42,"['_estado_AC', '_estado_AM', '_estado_AP', '_estado_PA', '_estado_RO', '_estado_RR', '_estado_TO']",,False,False,10,100,10,42,XGBRegressor,89518.26348899835,86008.68975564798,87763.47662232316,45596479064.416885,50871475549.197495,48233977306.80719,-0.270218445524669,0.4167077779716559,0.07324466622349346,77684.00093360814,38823148224.97802,0.41381891132402004,103238.68668438986,59398689293.39051,0.10315391852934575,77684.00093360814,38823148224.97802,0.41381891132402004,"pc1     0.084364
pc2     0.210772
pc3     0.266065
pc4     0.155434
pc5     0.010485
pc6     0.021322
pc7     0.066665
pc8     0.044980
pc9     0.021004
pc10    0.118909
dtype: float32",,,,,,,,,
FS=stateless|FE=na|OUT=0|NORM=0|PCA=10|ALGORITHM=xgbregressor|CV=3|N_ESTIMATORS=100|MAX_DEPTH=10|RANDOM_STATE=42,"['_estado_AC', '_estado_AM', '_estado_AP', '_estado_PA', '_estado_RO', '_estado_RR', '_estado_TO']",,False,False,10,100,10,42,XGBRegressor,78409.72819089201,69497.25946344744,81811.61444245704,28602706103.651917,25218372962.769424,38347234996.87365,0.32013719176376854,0.5354211046609583,0.3880920733052983,74425.39341018454,38898382211.15742,0.4126829720213001,74425.39341018454,38898382211.15742,0.4126829720213001,74425.39341018454,38898382211.15742,0.4126829720213001,"pc1     0.076359
pc2     0.250254
pc3     0.313199
pc4     0.057957
pc5     0.061432
pc6     0.016316
pc7     0.047624
pc8     0.027700
pc9     0.034560
pc10    0.114600
dtype: float32",97527.85567303163,61220625924.19959,0.3087179234911681,,,,,,
FS=stateless|FE=na|OUT=0|NORM=0|PCA=10|ALGORITHM=xgbregressor|CV=5|N_ESTIMATORS=100|MAX_DEPTH=10|RANDOM_STATE=42,"['_estado_AC', '_estado_AM', '_estado_AP', '_estado_PA', '_estado_RO', '_estado_RR', '_estado_TO']",,False,False,10,100,10,42,XGBRegressor,96593.61246362099,51169.46306904258,77685.20366895561,49793501570.01695,9985764752.588911,39052407495.70462,-0.13422707102224773,0.7002893049344885,0.38119218439539154,88779.71706738388,46990297163.65563,0.2905051545799757,88779.71706738388,46990297163.65563,0.2905051545799757,88779.71706738388,46990297163.65563,0.2905051545799757,"pc1     0.117389
pc2     0.303477
pc3     0.203819
pc4     0.088422
pc5     0.040207
pc6     0.024891
pc7     0.023997
pc8     0.059248
pc9     0.067300
pc10    0.071249
dtype: float32",67261.95257270681,20835040572.60357,0.5331528567751327,71540.82729325381,101860.1629461539,37578375752.450584,77069354830.86307,0.5122506585610909,0.29449517272849346
FS=stateless|FE=na|OUT=0|NORM=1|PCA=na|ALGORITHM=xgbregressor|CV=2|N_ESTIMATORS=100|MAX_DEPTH=10|RANDOM_STATE=42,"['_estado_AC', '_estado_AM', '_estado_AP', '_estado_PA', '_estado_RO', '_estado_RR', '_estado_TO']",,False,True,0,100,10,42,XGBRegressor,65806.17708895687,80397.7118999296,73101.94449444325,17678767255.259323,45249613170.18847,31464190212.723896,0.5075081075878003,0.48116803912170736,0.4943380733547538,82626.68161841926,32808578953.030426,0.5046314014218484,82626.68161841926,32808578953.030426,0.5046314014218484,82626.68161841926,32808578953.030426,0.5046314014218484,"_ano                    0.017558
_mes                    0.039079
car_c02_emitido         0.127872
cli_pressao_atm_med     0.066081
cli_temp_ar_med         0.007148
cli_temp_orvalho_med    0.008528
cli_umid_rel_med        0.127726
cli_umid_rel_min_max    0.026905
cli_umid_rel_min_med    0.022512
cli_umid_rel_min_min    0.301918
cli_veloc_vento_max     0.012827
cli_veloc_vento_med     0.011500
que_focos_qtd           0.230345
dtype: float32",,,,,,,,,
FS=stateless|FE=na|OUT=0|NORM=1|PCA=na|ALGORITHM=xgbregressor|CV=3|N_ESTIMATORS=100|MAX_DEPTH=10|RANDOM_STATE=42,"['_estado_AC', '_estado_AM', '_estado_AP', '_estado_PA', '_estado_RO', '_estado_RR', '_estado_TO']",,False,True,0,100,10,42,XGBRegressor,64529.058110115184,66799.88242518128,73547.0301342343,17851986943.561844,27459124046.784184,35126667242.59403,0.5756729474454556,0.49414145252486674,0.46384577258883786,73952.75522999147,31356821004.699562,0.5265511347138301,73952.75522999147,31356821004.699562,0.5265511347138301,73952.75522999147,31356821004.699562,0.5265511347138301,"_ano                    0.017076
_mes                    0.050718
car_c02_emitido         0.117445
cli_pressao_atm_med     0.065414
cli_temp_ar_med         0.004819
cli_temp_orvalho_med    0.006806
cli_umid_rel_med        0.046849
cli_umid_rel_min_max    0.029594
cli_umid_rel_min_med    0.331155
cli_umid_rel_min_min    0.153120
cli_veloc_vento_max     0.005676
cli_veloc_vento_med     0.005855
que_focos_qtd           0.165474
dtype: float32",89312.14986740648,60068890737.43607,0.32172291779619133,,,,,,
FS=stateless|FE=na|OUT=0|NORM=1|PCA=na|ALGORITHM=xgbregressor|CV=5|N_ESTIMATORS=100|MAX_DEPTH=10|RANDOM_STATE=42,"['_estado_AC', '_estado_AM', '_estado_AP', '_estado_PA', '_estado_RO', '_estado_RR', '_estado_TO']",,False,True,0,100,10,42,XGBRegressor,65530.823417811276,52974.93623918957,67489.38738182157,18729957813.82775,15494205945.001823,30552172960.42965,0.5733574759413956,0.5349600808430091,0.5381476697497151,81095.03020727394,44920135824.053925,0.32176200734087357,77925.85501611696,45679470672.338264,0.3102969987470947,77925.85501611696,45679470672.338264,0.3102969987470947,"_ano                    0.004735
_mes                    0.098517
car_c02_emitido         0.101288
cli_pressao_atm_med     0.044566
cli_temp_ar_med         0.012999
cli_temp_orvalho_med    0.088444
cli_umid_rel_med        0.045356
cli_umid_rel_min_max    0.023085
cli_umid_rel_min_med    0.003992
cli_umid_rel_min_min    0.376676
cli_veloc_vento_max     0.018815
cli_veloc_vento_med     0.026076
que_focos_qtd           0.155452
dtype: float32",55147.73597846426,14108037725.635075,0.6838836437217287,67598.31631056688,96195.12496307588,38037314709.3158,66391348608.36781,0.5062938504370178,0.39224329780542444
FS=stateless|FE=na|OUT=0|NORM=1|PCA=5|ALGORITHM=xgbregressor|CV=2|N_ESTIMATORS=100|MAX_DEPTH=10|RANDOM_STATE=42,"['_estado_AC', '_estado_AM', '_estado_AP', '_estado_PA', '_estado_RO', '_estado_RR', '_estado_TO']",,False,True,5,100,10,42,XGBRegressor,97272.63515672083,92789.36251120662,95030.99883396373,55712527809.61141,53751901059.72056,54732214434.665985,-0.5520294970714206,0.3836808256711416,-0.08417433570013949,85304.034887204,39712339419.359314,0.4003932339589842,85304.034887204,39712339419.359314,0.4003932339589842,85304.034887204,39712339419.359314,0.4003932339589842,"pc1    0.287294
pc2    0.214435
pc3    0.243070
pc4    0.122342
pc5    0.132859
dtype: float32",,,,,,,,,
FS=stateless|FE=na|OUT=0|NORM=1|PCA=5|ALGORITHM=xgbregressor|CV=3|N_ESTIMATORS=100|MAX_DEPTH=10|RANDOM_STATE=42,"['_estado_AC', '_estado_AM', '_estado_AP', '_estado_PA', '_estado_RO', '_estado_RR', '_estado_TO']",,False,True,5,100,10,42,XGBRegressor,88779.00220150176,83879.44947373842,87159.49858767768,38627526594.83698,45571288062.23373,45318822482.36941,0.08185545064099364,0.16047483719961597,0.21930027406200236,85389.09123910555,39378386247.60497,0.4054355100941227,85915.06210239453,44304713466.89681,0.3310541169148673,87882.35994558859,44326339405.17899,0.3307275922349927,"pc1    0.162473
pc2    0.294719
pc3    0.212645
pc4    0.092530
pc5    0.237633
dtype: float32",88820.04408779285,51757652790.03752,0.4155705343453975,,,,,,
FS=stateless|FE=na|OUT=0|NORM=1|PCA=5|ALGORITHM=xgbregressor|CV=5|N_ESTIMATORS=100|MAX_DEPTH=10|RANDOM_STATE=42,"['_estado_AC', '_estado_AM', '_estado_AP', '_estado_PA', '_estado_RO', '_estado_RR', '_estado_TO']",,False,True,5,100,10,42,XGBRegressor,116398.72034401524,77599.49018346639,91782.90294840054,73129954635.55113,27062038343.19674,53332890469.793045,-0.6657991833258969,0.18776553196627077,0.024254503713547003,92011.1632958118,47024399138.44522,0.2899902573183646,92011.1632958118,47024399138.44522,0.2899902573183646,86119.24082613266,42689144836.79638,0.3554471870732977,"pc1    0.297547
pc2    0.160603
pc3    0.150847
pc4    0.259978
pc5    0.131025
dtype: float32",92296.39296038928,55205847485.96773,-0.23698785698650382,78433.64566265562,94186.26559147621,37945161347.30888,73321450536.94075,0.5074899569937874,0.3288040699200776
FS=stateless|FE=na|OUT=0|NORM=1|PCA=10|ALGORITHM=xgbregressor|CV=2|N_ESTIMATORS=100|MAX_DEPTH=10|RANDOM_STATE=42,"['_estado_AC', '_estado_AM', '_estado_AP', '_estado_PA', '_estado_RO', '_estado_RR', '_estado_TO']",,False,True,10,100,10,42,XGBRegressor,107113.25534186231,91238.48664736451,99175.87099461342,65336385762.47809,58251199928.67512,61793792845.5766,-0.820129186777075,0.3320918751539884,-0.2440186558115433,85147.71595053673,42569881506.811005,0.3572479145208717,85147.71595053673,42569881506.811005,0.3572479145208717,85147.71595053673,42569881506.811005,0.3572479145208717,"pc1     0.207636
pc2     0.109217
pc3     0.238875
pc4     0.018765
pc5     0.095873
pc6     0.056294
pc7     0.127324
pc8     0.027205
pc9     0.054313
pc10    0.064498
dtype: float32",,,,,,,,,
FS=stateless|FE=na|OUT=0|NORM=1|PCA=10|ALGORITHM=xgbregressor|CV=3|N_ESTIMATORS=100|MAX_DEPTH=10|RANDOM_STATE=42,"['_estado_AC', '_estado_AM', '_estado_AP', '_estado_PA', '_estado_RO', '_estado_RR', '_estado_TO']",,False,True,10,100,10,42,XGBRegressor,86764.91776782101,81339.76228755216,84817.756085284,39933532440.0368,39871423276.31049,46367847697.711876,0.050812765439361085,0.2654791088762817,0.21557093017254214,80407.66258017569,36695024333.01287,0.4459509262909799,80407.66258017569,36695024333.01287,0.4459509262909799,85279.43279802703,55244413162.039,0.165878303765305,"pc1     0.105807
pc2     0.206041
pc3     0.170545
pc4     0.043287
pc5     0.080360
pc6     0.254425
pc7     0.036666
pc8     0.014030
pc9     0.049902
pc10    0.038936
dtype: float32",86348.58820047883,59298587376.788345,0.33042091620198366,,,,,,
FS=stateless|FE=na|OUT=0|NORM=1|PCA=10|ALGORITHM=xgbregressor|CV=5|N_ESTIMATORS=100|MAX_DEPTH=10|RANDOM_STATE=42,"['_estado_AC', '_estado_AM', '_estado_AP', '_estado_PA', '_estado_RO', '_estado_RR', '_estado_TO']",,False,True,10,100,10,42,XGBRegressor,113728.06632056701,72711.5849583518,87778.03248267362,86935748682.3817,25026822729.398636,52296149086.39795,-0.9802760698901869,0.2488500759478891,0.03566936046394131,84539.6559695627,41857018609.97643,0.3680112546426384,91949.67360463586,46487166940.66495,0.2981017930635266,84539.6559695627,41857018609.97643,0.3680112546426384,"pc1     0.211932
pc2     0.062800
pc3     0.081015
pc4     0.177704
pc5     0.097336
pc6     0.081042
pc7     0.070627
pc8     0.066383
pc9     0.141411
pc10    0.009751
dtype: float32",87468.25712245089,44891045261.79591,-0.00586587119032389,72153.80849912122,92828.44551287714,33091827160.234184,71535301598.17932,0.5704839131222466,0.3451547543300817
FS=stateless|FE=na|OUT=1|NORM=0|PCA=na|ALGORITHM=xgbregressor|CV=2|N_ESTIMATORS=100|MAX_DEPTH=10|RANDOM_STATE=42,"['_estado_AC', '_estado_AM', '_estado_AP', '_estado_PA', '_estado_RO', '_estado_RR', '_estado_TO']",,True,False,0,100,10,42,XGBRegressor,25924.26308520662,23598.449283275713,24761.356184241165,1724240965.8115914,1589298635.6201267,1656769800.715859,0.08635836490780846,0.13792776109369154,0.11214306300075,27841.185115257467,2354554466.8456354,0.10165333035644442,27841.185115257467,2354554466.8456354,0.10165333035644442,27841.185115257467,2354554466.8456354,0.10165333035644442,"_ano                    0.009642
_mes                    0.041034
car_c02_emitido         0.068287
cli_pressao_atm_med     0.053211
cli_temp_ar_med         0.039353
cli_temp_orvalho_med    0.045026
cli_umid_rel_med        0.153039
cli_umid_rel_min_max    0.047955
cli_umid_rel_min_med    0.078319
cli_umid_rel_min_min    0.079527
cli_veloc_vento_max     0.012670
cli_veloc_vento_med     0.058906
que_focos_qtd           0.313032
dtype: float32",,,,,,,,,
FS=stateless|FE=na|OUT=1|NORM=0|PCA=na|ALGORITHM=xgbregressor|CV=3|N_ESTIMATORS=100|MAX_DEPTH=10|RANDOM_STATE=42,"['_estado_AC', '_estado_AM', '_estado_AP', '_estado_PA', '_estado_RO', '_estado_RR', '_estado_TO']",,True,False,0,100,10,42,XGBRegressor,24093.699408050292,22643.95560932186,23782.967928169823,1468556777.4382637,1544555156.7615268,1538982487.030161,0.22817643942181787,0.11765336930952874,0.17231439138267787,28478.01154895271,2248915294.9101024,0.14195844948980052,24751.839955578627,2027780775.8460717,0.22632917080530157,24751.839955578627,2027780775.8460717,0.22632917080530157,"_ano                    0.017317
_mes                    0.063453
car_c02_emitido         0.096088
cli_pressao_atm_med     0.043862
cli_temp_ar_med         0.025120
cli_temp_orvalho_med    0.033196
cli_umid_rel_med        0.041180
cli_umid_rel_min_max    0.111016
cli_umid_rel_min_med    0.194738
cli_umid_rel_min_min    0.035207
cli_veloc_vento_max     0.066477
cli_veloc_vento_med     0.036792
que_focos_qtd           0.235553
dtype: float32",24611.248767137324,1603835526.8906925,0.17111336541668698,,,,,,
FS=stateless|FE=na|OUT=1|NORM=0|PCA=na|ALGORITHM=xgbregressor|CV=5|N_ESTIMATORS=100|MAX_DEPTH=10|RANDOM_STATE=42,"['_estado_AC', '_estado_AM', '_estado_AP', '_estado_PA', '_estado_RO', '_estado_RR', '_estado_TO']",,True,False,0,100,10,42,XGBRegressor,23451.565200941546,23969.817467135294,23087.534733973946,1518373609.6918423,1437225148.3632803,1419069992.2981954,0.34900301489476526,0.12905136105369974,0.2289403513810493,27019.61975274024,2289637490.699025,0.12642147657935388,27019.61975274024,2289637490.699025,0.12642147657935388,25085.561302848968,1952609335.9871461,0.2550097613800636,"_ano                    0.022666
_mes                    0.041184
car_c02_emitido         0.065341
cli_pressao_atm_med     0.072701
cli_temp_ar_med         0.031467
cli_temp_orvalho_med    0.049869
cli_umid_rel_med        0.052529
cli_umid_rel_min_max    0.070521
cli_umid_rel_min_med    0.160566
cli_umid_rel_min_min    0.046744
cli_veloc_vento_max     0.056127
cli_veloc_vento_med     0.046970
que_focos_qtd           0.283316
dtype: float32",21130.01613589404,1132872799.9386656,0.2709601813930326,19610.75013805977,27275.524727839093,1105838207.7552469,1901040195.7419417,0.23706838120808504,0.15861881835566372
FS=stateless|FE=na|OUT=1|NORM=0|PCA=5|ALGORITHM=xgbregressor|CV=2|N_ESTIMATORS=100|MAX_DEPTH=10|RANDOM_STATE=42,"['_estado_AC', '_estado_AM', '_estado_AP', '_estado_PA', '_estado_RO', '_estado_RR', '_estado_TO']",,True,False,5,100,10,42,XGBRegressor,26955.95933066629,28929.191877492027,27942.57560407916,1725082956.1871345,2113342454.2245705,1919212705.2058525,0.08591221064126664,-0.14632569377262494,-0.03020674156567915,28702.07436362254,2389201605.9471893,0.08843420866576801,28702.07436362254,2389201605.9471893,0.08843420866576801,28702.07436362254,2389201605.9471893,0.08843420866576801,"pc1    0.124788
pc2    0.301723
pc3    0.236065
pc4    0.171823
pc5    0.165601
dtype: float32",,,,,,,,,
FS=stateless|FE=na|OUT=1|NORM=0|PCA=5|ALGORITHM=xgbregressor|CV=3|N_ESTIMATORS=100|MAX_DEPTH=10|RANDOM_STATE=42,"['_estado_AC', '_estado_AM', '_estado_AP', '_estado_PA', '_estado_RO', '_estado_RR', '_estado_TO']",,True,False,5,100,10,42,XGBRegressor,28253.18493709931,26346.414260980357,26841.464327381487,1841038480.81036,1878793211.6077635,1856426934.4657605,0.032412708006289814,-0.07328433871020978,0.0011016308518555877,27455.361662053492,2342784480.347951,0.10614400080846831,28609.076666439763,2300650243.0567803,0.12221971801164822,27455.361662053492,2342784480.347951,0.10614400080846831,"pc1    0.144042
pc2    0.391361
pc3    0.211995
pc4    0.164636
pc5    0.087966
dtype: float32",25924.793784064786,1849449110.9791582,0.04417652325948673,,,,,,
FS=stateless|FE=na|OUT=1|NORM=0|PCA=5|ALGORITHM=xgbregressor|CV=5|N_ESTIMATORS=100|MAX_DEPTH=10|RANDOM_STATE=42,"['_estado_AC', '_estado_AM', '_estado_AP', '_estado_PA', '_estado_RO', '_estado_RR', '_estado_TO']",,True,False,5,100,10,42,XGBRegressor,31409.289899220184,24630.32553436793,26772.675906475866,2264829048.5916357,1569811460.5264554,1892474809.987774,0.02896304769736835,0.048704960037177725,-0.03026224233098971,29012.658161886386,2450328148.1575847,0.0651122484415474,29012.658161886386,2450328148.1575847,0.0651122484415474,27989.418421084327,2380918468.193439,0.09159452171864435,"pc1    0.141566
pc2    0.303800
pc3    0.249894
pc4    0.134452
pc5    0.170290
dtype: float32",26059.907924486717,1815824354.8282666,-0.1685409503501054,22853.266650414444,28910.589523890056,1509468813.8121505,2302440372.1803603,-0.041401425236793576,-0.019036843802595627
FS=stateless|FE=na|OUT=1|NORM=0|PCA=10|ALGORITHM=xgbregressor|CV=2|N_ESTIMATORS=100|MAX_DEPTH=10|RANDOM_STATE=42,"['_estado_AC', '_estado_AM', '_estado_AP', '_estado_PA', '_estado_RO', '_estado_RR', '_estado_TO']",,True,False,10,100,10,42,XGBRegressor,25366.29287867662,26978.48481703961,26172.388847858114,1562763983.6746342,1890286986.1470807,1726525484.9108574,0.17192186613219762,-0.02533526286419674,0.07329330163400044,30198.374812858656,2485623970.4906363,0.051645630917211305,30198.374812858656,2485623970.4906363,0.051645630917211305,30198.374812858656,2485623970.4906363,0.051645630917211305,"pc1     0.065217
pc2     0.180682
pc3     0.141077
pc4     0.070163
pc5     0.047014
pc6     0.076788
pc7     0.170116
pc8     0.142346
pc9     0.059738
pc10    0.046858
dtype: float32",,,,,,,,,
FS=stateless|FE=na|OUT=1|NORM=0|PCA=10|ALGORITHM=xgbregressor|CV=3|N_ESTIMATORS=100|MAX_DEPTH=10|RANDOM_STATE=42,"['_estado_AC', '_estado_AM', '_estado_AP', '_estado_PA', '_estado_RO', '_estado_RR', '_estado_TO']",,True,False,10,100,10,42,XGBRegressor,27197.84856231057,22905.472827767117,25001.631831387098,1793395875.1728113,1454545459.2381368,1673126517.6702225,0.05745204327975417,0.1690725452396078,0.10367277648309563,26869.89573691566,2215078192.3033686,0.1548685133108637,26869.89573691566,2215078192.3033686,0.1548685133108637,26869.89573691566,2215078192.3033686,0.1548685133108637,"pc1     0.071838
pc2     0.208487
pc3     0.069044
pc4     0.160447
pc5     0.087082
pc6     0.039341
pc7     0.164173
pc8     0.074772
pc9     0.041653
pc10    0.083164
dtype: float32",24901.574104083607,1771438218.5997195,0.0844937409299249,,,,,,
FS=stateless|FE=na|OUT=1|NORM=0|PCA=10|ALGORITHM=xgbregressor|CV=5|N_ESTIMATORS=100|MAX_DEPTH=10|RANDOM_STATE=42,"['_estado_AC', '_estado_AM', '_estado_AP', '_estado_PA', '_estado_RO', '_estado_RR', '_estado_TO']",,True,False,10,100,10,42,XGBRegressor,25661.914672144263,27135.033493663894,25715.18611394856,1748479727.0379267,1755205830.9326313,1733784289.2236176,0.250345880912455,-0.06364276415721659,0.05745881261185208,26577.184539216498,2263821804.429056,0.13627108342079552,26577.184539216498,2263821804.429056,0.13627108342079552,27149.634357522158,2131530743.105157,0.18674485076717118,"pc1     0.051885
pc2     0.193340
pc3     0.126047
pc4     0.052318
pc5     0.079653
pc6     0.078748
pc7     0.162490
pc8     0.096127
pc9     0.097524
pc10    0.061869
dtype: float32",22424.666591303856,1386638309.852504,0.10765397320593018,22125.53970599377,31228.77610663701,1353268538.6687021,2425329039.6263247,0.06636309938823104,-0.07342612629013923
FS=stateless|FE=na|OUT=1|NORM=1|PCA=na|ALGORITHM=xgbregressor|CV=2|N_ESTIMATORS=100|MAX_DEPTH=10|RANDOM_STATE=42,"['_estado_AC', '_estado_AM', '_estado_AP', '_estado_PA', '_estado_RO', '_estado_RR', '_estado_TO']",,True,True,0,100,10,42,XGBRegressor,25924.26308520662,23598.449283275713,24761.356184241165,1724240965.8115914,1589298635.6201267,1656769800.715859,0.08635836490780846,0.13792776109369154,0.11214306300075,27841.185115257467,2354554466.8456354,0.10165333035644442,27841.185115257467,2354554466.8456354,0.10165333035644442,27841.185115257467,2354554466.8456354,0.10165333035644442,"_ano                    0.009642
_mes                    0.041034
car_c02_emitido         0.068287
cli_pressao_atm_med     0.053211
cli_temp_ar_med         0.039353
cli_temp_orvalho_med    0.045026
cli_umid_rel_med        0.153039
cli_umid_rel_min_max    0.047955
cli_umid_rel_min_med    0.078319
cli_umid_rel_min_min    0.079527
cli_veloc_vento_max     0.012670
cli_veloc_vento_med     0.058906
que_focos_qtd           0.313032
dtype: float32",,,,,,,,,
FS=stateless|FE=na|OUT=1|NORM=1|PCA=na|ALGORITHM=xgbregressor|CV=3|N_ESTIMATORS=100|MAX_DEPTH=10|RANDOM_STATE=42,"['_estado_AC', '_estado_AM', '_estado_AP', '_estado_PA', '_estado_RO', '_estado_RR', '_estado_TO']",,True,True,0,100,10,42,XGBRegressor,24093.699408050292,22643.95560932186,23782.967928169823,1468556777.4382637,1544555156.7615268,1538982487.030161,0.22817643942181787,0.11765336930952874,0.17231439138267787,28478.01154895271,2248915294.9101024,0.14195844948980052,24751.839955578627,2027780775.8460717,0.22632917080530157,24751.839955578627,2027780775.8460717,0.22632917080530157,"_ano                    0.017317
_mes                    0.063453
car_c02_emitido         0.096088
cli_pressao_atm_med     0.043862
cli_temp_ar_med         0.025120
cli_temp_orvalho_med    0.033196
cli_umid_rel_med        0.041180
cli_umid_rel_min_max    0.111016
cli_umid_rel_min_med    0.194738
cli_umid_rel_min_min    0.035207
cli_veloc_vento_max     0.066477
cli_veloc_vento_med     0.036792
que_focos_qtd           0.235553
dtype: float32",24611.248767137324,1603835526.8906925,0.17111336541668698,,,,,,
FS=stateless|FE=na|OUT=1|NORM=1|PCA=na|ALGORITHM=xgbregressor|CV=5|N_ESTIMATORS=100|MAX_DEPTH=10|RANDOM_STATE=42,"['_estado_AC', '_estado_AM', '_estado_AP', '_estado_PA', '_estado_RO', '_estado_RR', '_estado_TO']",,True,True,0,100,10,42,XGBRegressor,23451.565200941546,23969.817467135294,23087.534733973946,1518373609.6918423,1437225148.3632803,1419069992.2981954,0.34900301489476526,0.12905136105369974,0.2289403513810493,27019.61975274024,2289637490.699025,0.12642147657935388,27019.61975274024,2289637490.699025,0.12642147657935388,25085.561302848968,1952609335.9871461,0.2550097613800636,"_ano                    0.022666
_mes                    0.041184
car_c02_emitido         0.065341
cli_pressao_atm_med     0.072701
cli_temp_ar_med         0.031467
cli_temp_orvalho_med    0.049869
cli_umid_rel_med        0.052529
cli_umid_rel_min_max    0.070521
cli_umid_rel_min_med    0.160566
cli_umid_rel_min_min    0.046744
cli_veloc_vento_max     0.056127
cli_veloc_vento_med     0.046970
que_focos_qtd           0.283316
dtype: float32",21130.01613589404,1132872799.9386656,0.2709601813930326,19610.75013805977,27275.524727839093,1105838207.7552469,1901040195.7419417,0.23706838120808504,0.15861881835566372
FS=stateless|FE=na|OUT=1|NORM=1|PCA=5|ALGORITHM=xgbregressor|CV=2|N_ESTIMATORS=100|MAX_DEPTH=10|RANDOM_STATE=42,"['_estado_AC', '_estado_AM', '_estado_AP', '_estado_PA', '_estado_RO', '_estado_RR', '_estado_TO']",,True,True,5,100,10,42,XGBRegressor,26008.107496587087,25894.127781195035,25951.11763889106,1708932055.1198077,1690447437.797547,1699689746.4586773,0.0944702578933333,0.08306231768270134,0.08876628778801732,29498.00191520152,2357587335.1721687,0.10049618270962923,29498.00191520152,2357587335.1721687,0.10049618270962923,30734.31590638421,2697722062.3397803,-0.029277370497019062,"pc1    0.215790
pc2    0.201856
pc3    0.340861
pc4    0.082428
pc5    0.159065
dtype: float32",,,,,,,,,
FS=stateless|FE=na|OUT=1|NORM=1|PCA=5|ALGORITHM=xgbregressor|CV=3|N_ESTIMATORS=100|MAX_DEPTH=10|RANDOM_STATE=42,"['_estado_AC', '_estado_AM', '_estado_AP', '_estado_PA', '_estado_RO', '_estado_RR', '_estado_TO']",,True,True,5,100,10,42,XGBRegressor,26463.075392491497,26645.402213098405,26503.243768316886,1665053587.0173676,1865360742.9122722,1807191393.9267013,0.12490439060382608,-0.0656108714057646,0.027304432038656956,28622.22550074021,2320674643.9680643,0.11457969348745067,28891.205819918374,2561642048.4299946,0.02264201765995888,28891.205819918374,2561642048.4299946,0.02264201765995888,"pc1    0.183406
pc2    0.158775
pc3    0.261863
pc4    0.121006
pc5    0.274949
dtype: float32",26401.25369936076,1891159851.8504634,0.022619776917909395,,,,,,
FS=stateless|FE=na|OUT=1|NORM=1|PCA=5|ALGORITHM=xgbregressor|CV=5|N_ESTIMATORS=100|MAX_DEPTH=10|RANDOM_STATE=42,"['_estado_AC', '_estado_AM', '_estado_AP', '_estado_PA', '_estado_RO', '_estado_RR', '_estado_TO']",,True,True,5,100,10,42,XGBRegressor,28340.351650714565,22594.018102691964,24764.342869688608,1808103756.7985868,1361916574.0491362,1589888914.8889694,0.22478230198414884,0.17468784353146904,0.13636083369424054,29226.98696654239,2460170107.9813385,0.061357189064101925,29226.98696654239,2460170107.9813385,0.061357189064101925,30513.836338042416,2550234833.605621,0.026994277754886054,"pc1    0.193570
pc2    0.165531
pc3    0.277356
pc4    0.143326
pc5    0.220217
dtype: float32",23259.25756881053,1373768233.4919374,0.11593627827660824,21600.989838574063,28027.097187651914,1319302369.6946168,2086353640.4105706,0.08979678444073214,0.07660096023824448
FS=stateless|FE=na|OUT=1|NORM=1|PCA=10|ALGORITHM=xgbregressor|CV=2|N_ESTIMATORS=100|MAX_DEPTH=10|RANDOM_STATE=42,"['_estado_AC', '_estado_AM', '_estado_AP', '_estado_PA', '_estado_RO', '_estado_RR', '_estado_TO']",,True,True,10,100,10,42,XGBRegressor,25106.70295736482,27853.093765676167,26479.898361520492,1648023973.3628187,1983014597.808171,1815519285.585495,0.12674426164929375,-0.07563285829497612,0.025555701677158815,28017.28471083601,2274552959.7695007,0.13217676417812751,28017.28471083601,2274552959.7695007,0.13217676417812751,28017.28471083601,2274552959.7695007,0.13217676417812751,"pc1     0.116140
pc2     0.055358
pc3     0.132787
pc4     0.037211
pc5     0.055039
pc6     0.068286
pc7     0.074439
pc8     0.190656
pc9     0.102373
pc10    0.167711
dtype: float32",,,,,,,,,
FS=stateless|FE=na|OUT=1|NORM=1|PCA=10|ALGORITHM=xgbregressor|CV=3|N_ESTIMATORS=100|MAX_DEPTH=10|RANDOM_STATE=42,"['_estado_AC', '_estado_AM', '_estado_AP', '_estado_PA', '_estado_RO', '_estado_RR', '_estado_TO']",,True,True,10,100,10,42,XGBRegressor,24488.09055605462,27000.75268156436,25613.78315788385,1465892111.1022332,1876615418.5879946,1683318670.2622726,0.2295768975388105,-0.07204024695672184,0.09170042091045827,28138.132233245928,2418358162.303768,0.077309940499529,28138.132233245928,2418358162.303768,0.077309940499529,28138.132233245928,2418358162.303768,0.077309940499529,"pc1     0.091444
pc2     0.061949
pc3     0.172775
pc4     0.029922
pc5     0.147723
pc6     0.061397
pc7     0.066730
pc8     0.125573
pc9     0.098021
pc10    0.144465
dtype: float32",25352.50623603256,1707448481.0965903,0.11756461214928615,,,,,,
FS=stateless|FE=na|OUT=1|NORM=1|PCA=10|ALGORITHM=xgbregressor|CV=5|N_ESTIMATORS=100|MAX_DEPTH=10|RANDOM_STATE=42,"['_estado_AC', '_estado_AM', '_estado_AP', '_estado_PA', '_estado_RO', '_estado_RR', '_estado_TO']",,True,True,10,100,10,42,XGBRegressor,26490.314447263565,23215.8376452878,24800.294554851498,1880044639.938845,1387823642.3333697,1641155499.3138747,0.19393791840742092,0.1589883368209597,0.1094936093307298,30318.874924365486,2666214261.608203,-0.017256018579462795,30318.874924365486,2666214261.608203,-0.017256018579462795,27386.982485833734,2255509737.7669325,0.1394424338859973,"pc1     0.117773
pc2     0.056882
pc3     0.171568
pc4     0.061516
pc5     0.106395
pc6     0.130082
pc7     0.094196
pc8     0.098970
pc9     0.071144
pc10    0.091475
dtype: float32",24357.09617978477,1489817121.2895103,0.04125511361799583,21569.51876182691,28368.70574009445,1296373958.8372598,2151718134.1703887,0.10561538203398979,0.047671295773282774
